{"cameraMode":{"drawMode":0,"name":"Shaded","section":"Shading Mode"},"sceneLighting":true,"audioPlay":false,"sceneViewState":{"showFog":false,"showMaterialUpdate":false,"showSkybox":false,"showFlares":false,"showImageEffects":false,"showParticleSystems":false},"in2DMode":false,"pivot":{"x":113.94910430908203,"y":185.39315795898438,"z":-18.62835693359375},"rotation":{"x":-0.05964776873588562,"y":-0.33272722363471987,"z":0.021092629060149194,"w":-0.9408984780311585},"size":660.1995849609375,"orthographic":false}